country,code,name,market,themes,currency,price,change_pct,market_cap_jo,per,fwd_per,pbr,div_yield,source,ret_1m,ret_3m,ret_1y,from_high_pct,div_cagr_5y,div_cagr_3y,div_up_years
KR,005930,삼성전자,KS,반도체,KRW,262000.0,-2.420856610800748,1720.439613161472,,3.6538055,,0.5709923664122137,Yahoo 사전계산,2.544031311154593,-17.610062893081757,179.77700931424852,-27.644428288715652,-11.041213488532165,4.924349249166804,2.0
KR,000660,SK하이닉스,KS,반도체,KRW,1681000.0,-2.4376088218224012,1195.317986852864,,3.5741296,,0.0892325996430696,Yahoo 사전계산,2.064359441408614,-28.238815756894798,293.91479556772623,-42.399298785990695,15.730633550594986,26.497542832526367,1.0
KR,042700,한미반도체,KS,"반도체, 반도체 장비",KRW,267000.0,0.945179584120992,25.325750714368,,53.40775,,0.299625468164794,Yahoo 사전계산,16.086956521739125,17.88079470198676,124.87596980887452,-34.798534798534796,29.19940099556333,53.26188647871062,1.0
KR,403870,HPSP,KQ,"반도체, 반도체 장비",KRW,64600.0,-1.3740458015267132,5.259651448832,,29.375555,,0.7739938080495357,Yahoo 사전계산,27.16535433070866,45.1685393258427,79.64639069092425,-22.634730538922156,,137.12622029933752,0.0
KR,058470,리노공업,KQ,반도체,KRW,87900.0,3.169014084507049,6.671223488512,,31.347109,,0.9101251422070534,Yahoo 사전계산,31.98198198198199,17.356475300400543,65.85878711634321,-30.78740157480315,21.67286837864115,10.064241629820891,1.0
KR,240810,원익IPS,KQ,"반도체, 반도체 장비",KRW,133700.0,1.9832189168573544,6.505265364992,,27.358667,,0.14958863126402394,Yahoo 사전계산,16.463414634146332,7.3895582329317255,135.25433328155435,-27.059465357337697,0.0,0.0,1.0
KR,039030,이오테크닉스,KQ,"반도체, 반도체 장비",KRW,524000.0,1.158301158301156,6.455444373504,,38.730255,,0.22900763358778628,Yahoo 사전계산,18.2844243792325,31.823899371069174,104.83645150654594,-14.379084967320265,31.95079107728942,6.265856918261115,2.0
KR,095340,ISC,KQ,반도체,KRW,199400.0,-1.5308641975308679,4.21580505088,,,,,Yahoo 사전계산,9.56043956043957,30.58284217419778,149.1026061825332,-26.420664206642066,41.470384317198224,12.31106834675555,2.0
KR,357780,솔브레인,KQ,반도체,KRW,411500.0,-0.48367593712213,3.151536848896,,15.600342,,0.5710814094775213,Yahoo 사전계산,26.61538461538462,30.842607313195547,43.48581170712593,-17.373936898485653,3.356702457817873,4.768955317164725,0.0
KR,005290,동진쎄미켐,KQ,반도체,KRW,51200.0,0.39215686274509665,2.609670520832,,,,1.26953125,Yahoo 사전계산,27.204968944099384,4.383282364933749,11.179223993241983,-22.424242424242426,45.40611511009971,70.99759466766969,2.0
US,NVDA,엔비디아,NAS,반도체,USD,229.27999877929688,-0.5206512367610272,7418.919174310656,28.986094,14.406897,24.178003,0.43614794370379956,Yahoo 사전계산,5.000915066139466,12.77775363521345,25.480079807036127,-4.163186124885698,20.11244339814313,35.72088082974532,2.0
US,AMD,AMD,NAS,반도체,USD,608.0999755859375,-2.026812083246099,1330.248595950144,155.12755,38.678555,14.762933,0.0,Yahoo 사전계산,20.750589399504847,13.793289342427562,182.96881938435718,-6.362601769513942,,,
US,AVGO,브로드컴,NAS,반도체,USD,361.5400085449219,0.3887360025380815,2312.684519061312,46.17369,18.642021,17.313477,0.7191458589781348,Yahoo 사전계산,0.3792263568799914,-5.689790120362915,12.197925024491042,-24.668977795649926,12.633302989831051,12.713573881717988,6.0
US,MU,마이크론,NAS,반도체,USD,1029.0,-0.6603303643430758,1557.298319525568,13.84367,4.9870977,11.533936,0.05830903790087463,Yahoo 사전계산,5.278238228887,9.81856990394878,467.18418988927226,-15.195109032183751,,1.1112020692632285,0.0
US,QCOM,퀄컴,NAS,반도체,USD,175.5,-0.28975315195304274,251.127561425472,20.3125,17.211536,6.706921,2.0968660968660973,Yahoo 사전계산,-0.7801926982797136,-4.090027673342811,16.644811423223604,-29.445106820268062,6.493207537900791,6.3061396578731,22.0
US,TXN,텍사스인스트루먼트,NAS,반도체,USD,283.739990234375,-1.5475439915846878,347.232536878464,43.187214,26.655142,14.38625,2.1428068687032082,Yahoo 사전계산,9.628306237909756,-4.480441928330481,69.53291613787873,-14.170953153174281,8.134418695281065,5.454054523946827,22.0
US,INTC,인텔,NAS,반도체,USD,104.69999694824219,-2.22264180249786,741.641034534912,,50.272007,6.0314536,0.0,Yahoo 사전계산,4.366025983594524,1.5321898366731146,187.87462200460513,-25.71307284334007,,,0.0
US,TSM,TSMC (ADR),NYS,반도체,USD,453.30999755859375,-1.021854794989352,3150.49481296128,32.94404,20.67539,93.32581,0.8316604575906578,Yahoo 사전계산,6.190241876684155,7.814915645741438,63.225118849785275,-6.687935580644999,12.839966452461615,18.915536322443405,2.0
US,ARM,ARM,NAS,반도체,USD,266.2799987792969,-3.2729156474833543,381.083812670592,274.51544,86.941185,32.951366,0.0,Yahoo 사전계산,4.760408549916728,-10.94016272231626,72.00439440515657,-39.407453702980334,,,
US,AMAT,어플라이드머티리얼즈,NAS,반도체 장비,USD,507.0299987792969,-0.4984611551726914,539.194178001168,43.747196,27.443773,15.701899,0.4181212167138076,Yahoo 사전계산,11.678154197754932,-11.786411344445014,142.83609889474255,-29.796380945153366,15.393182166486552,20.394489672862413,8.0
US,LRCX,램리서치,NAS,반도체 장비,USD,318.8399963378906,-0.5458685610874703,534.67353483264,55.354164,27.10268,31.989565,0.4140007574837412,Yahoo 사전계산,7.103353631314291,-3.2557338883545506,143.82486102489182,-26.342807877081466,14.869835499703509,14.962302576856757,11.0
US,KLAC,KLA,NAS,반도체 장비,USD,195.57000732421875,-0.5845841243129035,342.0000723312,53.434425,29.014643,40.25731,0.47041978092009323,Yahoo 사전계산,10.379284009842515,-11.90503880284821,100.07636600233032,-35.106206199303294,16.153616167554617,16.335239232339415,10.0
US,ASML,ASML (ADR),NAS,반도체 장비,USD,1780.3399658203125,0.5961117717331543,916.343982110592,57.784485,30.612108,1546.8269,0.5100149507578056,Yahoo 사전계산,5.506000791265442,3.279321673393909,91.42122652662535,-10.394759493506012,20.899991841418107,3.578580075007709,2.0
US,TER,테라다인,NAS,반도체 장비,USD,402.67999267578125,0.9931760240154519,84.36135526029,55.313183,34.55748,18.331133,0.129134799209823,Yahoo 사전계산,8.77657149574631,18.095245766655932,205.46639411245872,-16.742170698697866,3.713728933664817,2.9428498400178693,0.0
KR,035420,NAVER,KS,AI·빅테크,KRW,183800.0,-2.751322751322749,27.534037090304,,12.717298,,1.4309031556039173,Yahoo 사전계산,-13.911007025761124,-6.51068158697864,-30.56795895935518,-35.285464205982706,22.96187532339813,7.327434726889059,0.0
KR,035720,카카오,KS,AI·빅테크,KRW,32300.0,-2.26928895612708,14.291206930432,,16.767756,,0.23219814241486067,Yahoo 사전계산,-10.773480662983426,-9.26966292134831,-47.91423561866806,-52.2226564729957,17.78162221565904,4.260360145884445,1.0
US,MSFT,마이크로소프트,NAS,AI·빅테크,USD,535.0700073242188,2.3841913323325192,5324.14991594304,29.808912,22.59842,8.98296,0.7326144142526618,Yahoo 사전계산,8.656893158854384,37.107670719955536,5.58016304936908,-0.47920266996670513,10.221553083716572,10.20849374985604,20.0
US,GOOGL,알파벳,NAS,AI·빅테크,USD,351.6600036621094,0.9675830585168299,5763.12999774336,17.644756,23.115559,6.909384,0.2502417081373699,Yahoo 사전계산,5.73060649694086,-0.17700674346055045,49.03604488854012,-12.548749850778352,,,1.0
US,META,메타,NAS,AI·빅테크,USD,718.6699829101562,-0.3079570660115105,2453.330341814976,27.078747,20.80368,7.010047,0.29220644383898375,Yahoo 사전계산,11.616922122129303,9.517941837972588,2.241283646085601,-7.577263327769512,,,1.0
US,AMZN,아마존,NAS,AI·빅테크,USD,262.42999267578125,3.294495472573211,3793.130543518848,21.112629,25.073498,5.1299944,0.0,Yahoo 사전계산,4.184363536334179,6.113782405260504,21.287608540013746,-7.60157635836376,,,
US,AAPL,애플,NAS,AI·빅테크,USD,336.6400146484375,-1.1103926415005905,6583.4980991424,38.605507,35.11173,45.739132,0.32081747653435494,Yahoo 사전계산,3.0835677185202304,6.18334194208412,37.75983998857062,-1.298851432448045,4.987825016786651,4.215410642513895,13.0
US,ORCL,오라클,NYS,AI·빅테크,USD,141.39999389648438,4.2081150802129486,574.405251736464,22.163008,12.855725,10.843558,1.4144272180550115,Yahoo 사전계산,-7.545448123909271,7.495819608948562,-51.268468391150954,-54.38854008618088,14.629519930531231,14.072565884674159,12.0
KR,373220,LG에너지솔루션,KS,2차전지·전기차,KRW,401000.0,2.5575447570332477,93.833996009472,,51.66736,,,Yahoo 사전계산,11.85495118549511,13.117066290550072,11.543810848400549,-21.98443579766537,,,
KR,006400,삼성SDI,KS,2차전지·전기차,KRW,569000.0,1.245551601423478,44.776678227968,,31.097069,,,Yahoo 사전계산,3.8321167883211604,26.024363233665547,174.8792270531401,-20.08426966292135,,,0.0
KR,051910,LG화학,KS,2차전지·전기차,KRW,286500.0,3.429602888086647,22.425817317376,,13.435012,,0.6980802792321117,Yahoo 사전계산,1.5957446808510634,3.616636528028927,3.3485470330580025,-33.29452852153667,-36.90426555198067,-53.5841116638722,0.0
KR,096770,SK이노베이션,KS,2차전지·전기차,KRW,160900.0,0.8145363408521344,27.380242448384,,15.914172,,,Yahoo 사전계산,16.341287057122187,66.7357512953368,56.2135922330097,0.0,,,0.0
KR,003670,포스코퓨처엠,KS,2차전지·전기차,KRW,193100.0,0.8881922675026077,17.175508156416,,196.0654,,0.12946659761781462,Yahoo 사전계산,5.17429193899781,21.06583072100314,32.14713430282292,-34.76351351351351,,,0.0
KR,066970,엘앤에프,KS,2차전지·전기차,KRW,116200.0,-1.1904761904761862,4.583468302336,,53.009556,,,Yahoo 사전계산,-4.204451772464967,12.379110251450687,62.745098039215684,-45.44600938967136,,,0.0
KR,247540,에코프로비엠,KQ,2차전지·전기차,KRW,128800.0,3.4538152610441797,12.782609104896,,184.68419,,0.07652950310559006,Yahoo 사전계산,21.509433962264147,5.8340180772391115,14.748643161189246,-47.616776865974394,,,0.0
KR,086520,에코프로,KQ,2차전지·전기차,KRW,91900.0,0.0,12.4493234176,,,,,Yahoo 사전계산,11.529126213592233,7.485380116959073,97.62516152428016,-50.27323679496401,8.195422995039635,0.6622711908899293,0.0
US,TSLA,테슬라,NAS,"2차전지·전기차, 자동차",USD,382.70001220703125,2.0533365885416766,2025.429399055872,354.35184,174.93419,17.399408,0.0,Yahoo 사전계산,5.264609631688866,-3.0550200780859127,-7.446365995435911,-21.878825754772436,,,
US,RIVN,리비안,NAS,2차전지·전기차,USD,13.960000038146973,-2.5819950281157578,27.084664047366,,-8.023357,3.7236595,0.0,Yahoo 사전계산,-13.02180248138345,-19.35297245032602,9.062498672865349,-37.81737388093014,,,
US,ALB,앨버말,NYS,2차전지·전기차,USD,101.2699966430664,-0.8129303070117722,16.0137375064425,375.07404,9.088298,1.4862049,1.61943325206211,Yahoo 사전계산,-16.787182265801093,-19.221585098709927,13.989693948662097,-52.75458752071356,1.0180215943888626,0.836858990836542,23.0
US,QS,퀀텀스케이프,NYS,2차전지·전기차,USD,4.579999923706055,0.0,3.799680323301,,-6.729752,2.705257,0.0,Yahoo 사전계산,-11.58301012579388,-27.070067345653392,-68.84353752971231,-75.1626909378497,,,
KR,012450,한화에어로스페이스,KS,방산,KRW,891000.0,-8.333333333333337,45.84086962176,,15.0291815,,0.7856341189674524,Yahoo 사전계산,-15.54502369668247,-23.123382226056943,-13.79778445310148,-42.02992843201041,60.4785459807065,85.52910861849927,5.0
KR,079550,LIG넥스원,KS,방산,KRW,616000.0,-6.525037936267076,13.456673603584,,25.390291,,0.4788961038961039,Yahoo 사전계산,-5.521472392638039,-24.417177914110432,28.85048852650851,-39.6078431372549,,,0.0
KR,047810,한국항공우주,KS,방산,KRW,121400.0,-0.3284072249589487,11.833477955584,,26.795082,,0.41186161449752884,Yahoo 사전계산,-4.031620553359683,-24.64307883302297,13.784534450480646,-39.72799246724025,20.11244339814313,25.99210498948732,0.0
KR,064350,현대로템,KS,방산,KRW,105200.0,-2.5023169601482875,11.481769836544,,9.773051,,0.5703422053231939,Yahoo 사전계산,-17.034700315457417,-46.244251405212054,-52.0255502707434,-60.892193308550176,,,0.0
KR,272210,한화시스템,KS,방산,KRW,76600.0,-1.2886597938144284,14.32368447488,,33.129894,,0.6527415143603132,Yahoo 사전계산,11.33720930232558,-5.315203955500614,32.78309496554917,-52.746521677860905,,,0.0
US,LMT,록히드마틴,NYS,방산,USD,509.5899963378906,0.3347145327576184,157.597960199544,18.783266,15.606691,13.367346,2.70805943977945,Yahoo 사전계산,-3.8727078714996477,-1.5245542190843064,3.5060951042050315,-23.733026759641163,6.377808223086023,5.404415617793323,23.0
US,RTX,RTX,NYS,방산,USD,185.97000122070312,0.8951789447263048,335.866074217992,32.7412,23.641205,3.7760406,1.5701457121219458,Yahoo 사전계산,-6.132643951105332,-4.991198550732889,19.6768261332531,-17.526277577592687,7.1821166379005374,7.321278260648478,33.0
US,NOC,노스롭그루먼,NYS,방산,USD,480.7200012207031,-0.7760918263624905,91.513368597726,15.280356,15.812212,3.8186324,2.0552504524279196,Yahoo 사전계산,-7.366800286551789,-10.87330198102544,-21.64151923266334,-36.84648180931352,9.656738997058989,9.969183014805228,22.0
US,GD,제너럴다이나믹스,NYS,방산,USD,331.2699890136719,0.4152758843691817,120.102612097176,20.211714,17.78119,3.3360522,1.919884146142051,Yahoo 사전계산,-6.4869473497044865,-11.135256693372341,0.8106416121374194,-16.33962472095688,6.504410274056371,6.003882653785975,12.0
US,LHX,L3해리스,NYS,방산,USD,236.97000122070312,0.021105458443471115,59.131440151164,23.888105,17.502344,2.2187579,2.109971715509773,Yahoo 사전계산,-4.5899239524104125,-17.522124476589017,-17.595350211375248,-36.61413321685294,7.140202794100703,2.3264108093813185,24.0
KR,329180,HD현대중공업,KS,조선,KRW,384000.0,-4.0000000000000036,40.294187794432,,10.631687,,2.625,Yahoo 사전계산,-12.02749140893471,-33.32654734173248,-24.012651448295486,-47.82466914861817,,,0.0
KR,009540,HD한국조선해양,KS,조선,KRW,291500.0,-3.316749585406298,20.61331595264,,4.719702,,5.351629502572899,Yahoo 사전계산,-16.355810616929702,-18.811034248896753,-27.175283191184086,-38.133668946683265,,,0.0
KR,010140,삼성중공업,KS,조선,KRW,18860.0,-3.4800409416581357,16.109276233728,,11.082746,,,Yahoo 사전계산,-11.86915887850467,-20.421940928270043,-15.803571428571427,-45.174418604651166,,,0.0
KR,042660,한화오션,KS,조선,KRW,72000.0,-2.8340080971659964,22.05776084992,,11.297499,,,Yahoo 사전계산,-17.050691244239637,-37.98449612403101,-34.126258005489476,-51.96797865243495,,,0.0
KR,005380,현대차,KS,자동차,KRW,324500.0,-3.4226190476190466,84.965156978688,,6.829392,,3.0816640986132513,Yahoo 사전계산,-15.384615384615385,-34.94995801252827,53.16623699289129,-56.459839443142144,35.09600385206135,24.473980004936525,0.0
KR,000270,기아,KS,자동차,KRW,106800.0,-2.5547445255474477,41.508463968256,,4.6756344,,6.367041198501873,Yahoo 사전계산,-15.573122529644268,-33.540759178593646,10.823499082713095,-45.879396853622346,45.40611511009971,22.91789212788069,1.0
KR,012330,현대모비스,KS,자동차,KRW,359000.0,-3.8821954484605126,31.759139864576,,6.9095693,,1.8105849582172702,Yahoo 사전계산,-14.92890995260664,-30.084821450035204,22.248061834023147,-53.11677538748243,10.197228772148016,17.566734386037865,2.0
US,GM,GM,NYS,자동차,USD,82.7300033569336,0.5835907075180558,97.2741500811,37.098656,5.476367,1.1702218,0.870300943774417,Yahoo 사전계산,-3.9363670245388893,8.056688275173585,50.756550318513845,-8.193702410286486,8.447177119769854,46.84780191517228,3.0
US,F,포드,NYS,자동차,USD,12.170000076293945,-0.6530606016820761,65.02988427102,,6.2212133,1.3585621,4.9301560907032815,Yahoo 사전계산,-12.31988489948115,-11.178305939990851,11.63372170025314,-29.462128394572574,37.97296614612149,14.471424255333186,0.0
KR,207940,삼성바이오로직스,KS,바이오·헬스케어,KRW,1219000.0,-4.541895066562251,56.748652101632,,25.216745,,,Yahoo 사전계산,-15.756738078783695,-13.238434163701063,-21.811936219321694,-37.96437659033079,,,
KR,068270,셀트리온,KS,바이오·헬스케어,KRW,179600.0,-2.125340599455039,40.953452691456,,23.493324,,0.39771158129175943,Yahoo 사전계산,-4.518872939925567,2.1034678794769723,9.083551638360078,-24.11267772639354,,29.74308126870382,3.0
KR,196170,알테오젠,KQ,바이오·헬스케어,KRW,241000.0,-6.22568093385214,16.786888065024,,44.6053,,0.11841493775933609,Yahoo 사전계산,-16.46447140381283,-5.347434258227102,-31.981560934978358,-43.906085753280465,,,0.0
KR,000100,유한양행,KS,바이오·헬스케어,KRW,73100.0,-2.533333333333332,5.465257279488,,26.00872,,0.8207934336525308,Yahoo 사전계산,-10.1965601965602,5.028735632183912,-39.113614004077014,-41.20810532425174,,,0.0
KR,326030,SK바이오팜,KS,바이오·헬스케어,KRW,72700.0,-4.342105263157892,5.693372891136,,13.984915,,,Yahoo 사전계산,-16.05080831408776,-13.452380952380949,-30.028873917228104,-48.32977967306326,,,
US,LLY,일라이릴리,NYS,바이오·헬스케어,USD,1179.27001953125,0.8267821603252123,1408.562910919872,39.5861,24.778511,31.03179,0.5868036908757032,Yahoo 사전계산,5.010687402604641,-0.0770064206495169,42.37813509694766,-7.893992922755255,15.178629837003488,15.244903287467416,11.0
US,JNJ,존슨앤존슨,NYS,바이오·헬스케어,USD,261.44000244140625,1.9338705718249916,844.271353979712,30.294321,21.538969,7.4095907,2.050183579385974,Yahoo 사전계산,-1.843440416592712,1.9239744951698112,40.16974925224315,-6.102068987287246,5.2485228750036805,4.922275958319511,63.0
US,MRK,머크,NYS,바이오·헬스케어,USD,145.60000610351562,2.2615543687847017,481.36223669328,115.555565,15.37607,8.571765,2.3351647372753126,Yahoo 사전계산,1.2089333726344353,18.083888816253825,74.29397960520998,-6.385772897711551,6.747250322741993,5.415693642233976,15.0
US,ABBV,애브비,NYS,바이오·헬스케어,USD,276.4700012207031,1.4866704329133729,654.673376099088,78.09887,17.004204,-82.307236,2.50298403785076,Yahoo 사전계산,8.419608321844363,12.273340926563714,23.66460396757606,0.0,6.8051927565147885,5.165892484076995,12.0
US,AMGN,암젠,NAS,바이오·헬스케어,USD,414.8699951171875,1.8235795776703867,300.555764388936,25.768322,16.944681,19.189177,2.4296767948120044,Yahoo 사전계산,8.471251024413817,15.770422943739382,46.96122491073873,-6.5860578946196675,8.265826310146828,7.051249904018553,14.0
US,VRTX,버텍스,NAS,바이오·헬스케어,USD,510.0799865722656,1.3571756725813566,173.134951429608,29.707628,25.369364,6.3823028,0.0,Yahoo 사전계산,-0.8706489053918354,6.2113454601281815,25.083983394378716,-8.581266312075863,,,
KR,105560,KB금융,KS,금융,KRW,162800.0,-3.3827893175074175,57.160075575296,,8.057175,,2.837837837837838,Yahoo 사전계산,-5.348837209302326,-4.090663190345955,48.80395351904454,-11.971509698071204,15.038077304966556,6.525383806558183,0.0
KR,055550,신한지주,KS,금융,KRW,99500.0,-3.6786060019361133,46.8510048256,,7.264959,,2.9748743718592965,Yahoo 사전계산,-9.79147778785131,-6.931172328158819,42.57765534090792,-13.176265270506104,8.447177119769854,2.9012903482828145,2.0
KR,086790,하나금융지주,KS,금융,KRW,124300.0,-3.5686578743211794,33.201430986752,,6.933115,,3.7168141592920354,Yahoo 사전계산,-7.446016381236042,0.46989808718584936,50.15418021181872,-11.71875,19.66239500726377,10.655190938631609,2.0
KR,316140,우리금융지주,KS,금융,KRW,32350.0,-2.998500749625188,23.551954386944,,6.6016216,,4.327666151468315,Yahoo 사전계산,-2.56024096385542,4.538855284639465,32.88308363333889,-18.05739346600326,28.473515712343932,3.6964846467637535,2.0
US,JPM,JP모건,NYS,금융,USD,332.989990234375,0.4737121305388392,1186.117917734016,14.266923,13.254667,2.5035522,1.9820415608753255,Yahoo 사전계산,-5.348101161508268,0.036250412790805875,12.79978001211588,-8.359917546386875,9.043076613444189,11.534955223780985,15.0
US,BAC,뱅크오브아메리카,NYS,금융,USD,54.31999969482422,1.3243780570589392,509.001376925808,12.545034,10.371459,1.3807127,2.3564064933563733,Yahoo 사전계산,-13.171357892560298,-8.240093432360773,14.034687869079953,-15.758144410769248,8.447177119769854,7.888486678770068,12.0
US,GS,골드만삭스,NYS,금융,USD,895.3200073242188,1.4423435662540784,349.331929133688,13.827336,12.3893385,2.472925,2.233838162488139,Yahoo 사전계산,-12.203733177431154,-13.97874186520447,19.43710946510475,-21.905356397522937,22.865967908314722,15.867554829548336,14.0
US,MS,모건스탠리,NYS,금융,USD,190.02000427246094,1.3764414198944586,399.914256649536,15.34895,13.978709,2.8026135,2.4207977563268925,Yahoo 사전계산,-10.646101288336574,-13.579978667636361,27.965002977387776,-16.400782129573123,22.423992536427463,9.281396914944096,12.0
US,WFC,웰스파고,NYS,금융,USD,83.55000305175781,1.8529858528347987,338.562946795248,12.143895,10.404849,1.5349991,2.3937760944916233,Yahoo 사전계산,-6.595857012603645,-4.152296016116952,9.987057942773326,-11.893926429820368,6.860651625917513,15.616214441920405,4.0
KR,267260,HD현대일렉트릭,KS,전력·AI인프라,KRW,606000.0,-3.5031847133757954,21.811578273792,,18.005785,,1.2871287128712872,Yahoo 사전계산,-15.126050420168069,-34.65738391779123,-7.485727125831721,-57.210362788691036,,130.83502397536085,3.0
KR,298040,효성중공업,KS,전력·AI인프라,KRW,2494000.0,-3.6321483771251883,23.223481663488,,20.529818,,0.30072173215717724,Yahoo 사전계산,-8.711566617862376,-19.98716714789862,67.2023729462672,-45.79439252336449,,,2.0
KR,010120,LS ELECTRIC,KS,전력·AI인프라,KRW,195500.0,-4.866180048661805,29.087533891584,,38.73383,,0.3069053708439898,Yahoo 사전계산,0.10240655401945187,-10.526315789473683,224.970215825208,-38.61852433281005,,,0.0
KR,034020,두산에너빌리티,KS,전력·AI인프라,KRW,78000.0,-3.105590062111796,49.852356493312,,75.313934,,,Yahoo 사전계산,-1.5151515151515138,-8.771929824561408,4.697986577181212,-42.81524926686217,,,0.0
US,GEV,GE버노바,NYS,전력·AI인프라,USD,1004.72998046875,0.5383504292035601,358.580425703688,28.80533,39.91021,22.37955,0.19905845738443212,Yahoo 사전계산,8.7476063332391,-3.632265106845478,66.56931780581563,-14.480874913098962,,,1.0
US,ETN,이튼,NYS,전력·AI인프라,USD,429.6499938964844,1.2108039887439137,223.559686759392,43.708035,26.446348,8.239208,1.0240893896207277,Yahoo 사전계산,5.010387463231036,6.915005023469445,17.708971101179106,-6.5897030441079085,12.948834881402394,8.688294366861072,5.0
US,VST,비스트라,NYS,전력·AI인프라,USD,161.47999572753906,3.420005353378164,72.626901233328,27.23103,15.502566,18.048508,0.5697300125969113,Yahoo 사전계산,9.992826342187012,2.2922188534285404,-17.495656005533366,-22.96986313893451,10.805815798182984,7.602573193599316,6.0
US,CEG,컨스텔레이션에너지,NAS,전력·AI인프라,USD,298.07000732421875,4.5602833219893,141.517376920044,29.136854,22.37736,3.3119256,0.5736907296882061,Yahoo 사전계산,4.23121518056615,15.901769291927238,-18.65824163899451,-25.798676917684205,,40.132070093329,3.0
KR,097950,CJ제일제당,KS,필수소비재,KRW,183700.0,0.6575342465753531,2.943458738176,,7.0192957,,3.26619488296135,Yahoo 사전계산,0.16357688113413094,-6.985899464896761,-19.15891384917934,-24.322057125878306,13.396657763302722,10.891823393038823,2.0
KR,271560,오리온,KS,필수소비재,KRW,104200.0,-1.790763430725728,4.11889958912,,7.748807,,5.038387715930901,Yahoo 사전계산,-17.49802058590657,-22.83433844168593,3.2973666281258307,-27.643976421796733,27.22596365393921,38.06135595834634,0.0
KR,033780,KT&G,KS,필수소비재,KRW,177400.0,-1.2249443207126953,18.415974612992,,12.854107,,3.720405862457723,Yahoo 사전계산,2.8405797101449304,3.9657928220418137,36.21234517956993,-5.0555796488320865,3.131030647754507,3.8498820370220788,1.0
US,KO,코카콜라,NYS,필수소비재,USD,88.05000305175781,0.3190229228674957,507.652468607088,26.441442,24.968878,10.480895,2.407722801274425,Yahoo 사전계산,0.8486889982390444,5.134015947254134,34.83101042324559,-3.711911569965509,4.4617420086995985,5.044302063855088,23.0
US,PEP,펩시코,NAS,필수소비재,USD,125.97000122070312,-1.8466535646049387,230.03387586216,16.50983,14.455268,7.7869816,4.6995315889756855,Yahoo 사전계산,-7.815582255987219,-8.068654110005102,-12.663740213566054,-23.863778786934464,6.924559065444402,7.516613352402057,27.0
US,PG,P&G,NYS,필수소비재,USD,151.22999572753906,0.4249946246179803,471.049235423712,22.84441,20.4461,6.5904036,2.8764134913004313,Yahoo 사전계산,5.777431934189448,2.6885072175625746,3.9997091242741423,-8.190066676312979,6.020686537931774,5.001100579557871,22.0
US,COST,코스트코,NAS,필수소비재,USD,946.9199829101562,-0.10549413642805261,562.283167695696,45.612717,37.925087,11.723514,0.6209605992186453,Yahoo 사전계산,4.935833882215501,2.374219994212945,2.4123276045990405,-13.331977347703283,-16.875687494850034,13.181391741750637,1.0
US,WMT,월마트,NAS,필수소비재,USD,111.3499984741211,0.7145449827896888,1183.803960358368,40.344204,34.54277,9.002344,0.8890884719949829,Yahoo 사전계산,5.315421298356515,-2.756075835094385,10.258758776492094,-16.828185010906182,5.4773163227226584,7.977542293902706,43.0
